Workbook
Name AHUArrangment: [1]Data!$B$6
Name AngleThkO: [1]Data!$B$9
Name BuildForDXFOutput: Data!$B$15
Name Construction: [1]Data!$B$5
Name FLOOR_X_LENGTH: Calcs!$C$2
Name FLOOR_Z_LENGTH: Calcs!$C$3
Name FloorXLength: Data!$B$3
Name FloorZLength: Data!$B$4
Name FrontOverlapLength: Data!$B$8
Name HasFrontOverlap: Data!$B$7
Name HasLeftOverlap: Data!$B$11
Name HasRearOverlap: Data!$B$9
Name HasRightOverlap: Data!$B$13
Name LeftOverlapLength: Data!$B$12
Name Length: [1]Data!$B$3
Name MAT_LOOKUP: Calcs!$C$4
Name MATERIALSTYLE: [1]Data!$B$4
Name MaterialType: Data!$B$5
Name MaxBHHoleSpc: '[1]Excel Calcs'!$L$5
Name MaxBHHoleSpc_X: [1]Data!$B$8
Name MaxBHHoleSpc_Y: [1]Data!#REF!
Name Mtl_Gauge: Data!$B$6
Name NotchFront: Data!#REF!
Name NotchFrontLength: Data!#REF!
Name NotchLeft: Data!#REF!
Name NotchLeftLength: Data!#REF!
Name PanelLinerMaterialGage: Data!$B$6
Name RearOverlapLength: Data!$B$10
Name RightOverlapLength: Data!$B$14
Name Tier: [1]Data!$B$7
Name Width: [1]Data!#REF!

Sheet Sheet1
A1: Parameter | B1: Value | C1: UOM | D1: Comments
A2: FloorXLength | B2: =FLOOR_X_LENGTH -> 4.25 | C2: in | D2: Length of Floor along X-Axis
A3: FloorZLength | B3: =FLOOR_Z_LENGTH -> 89.5 | C3: in | D3: Length of Floor along Z-Axis
A4: MaterialThickness | B4: =Calcs!C5 -> 0.05601 | C4: in | D4: Thickness of floor
A5: JoggleHeight | B5: =Calcs!C6 -> 0.06899 | C5: in | D5: Joggle Height
A6: HasRightJoggle | B6: =Calcs!C7 -> 0 | C6: ul | D6: Right Joggle
A7: RightJoggleLength | B7: =Calcs!C8 -> 1.5 | C7: in | D7: Right Joggle Length
A8: HasRearJoggle | B8: =Calcs!C9 -> 0 | C8: ul | D8: Rear Joggle
A9: RearJoggleLength | B9: =Calcs!C10 -> 1.5 | C9: in | D9: Rear Joggle Length
A10: HasLeftJoggle | B10: =Calcs!C11 -> 0 | C10: ul | D10: Left Joggle
A11: LeftJoggleLength | B11: =Calcs!C12 -> 1.5 | C11: in | D11: Left Joggle Length
A12: HasFrontJoggle | B12: =Calcs!C13 -> 0 | C12: ul | D12: Front Joggle
A13: FrontJoggleLength | B13: =Calcs!C14 -> 1.5 | C13: in | D13: Front Joggle Length

Sheet Data
A1: INPUTS
A2: Parameter | B2: Value | C2: Description
A3: FloorXLength | B3: 4.25 | C3: Length of Floor along X-Axis
A4: FloorZLength | B4: 89.5 | C4: Length of Floor along Z-Axis
A5: MaterialType | B5: STL GALV | C5: Material Style
A6: Mtl_Gauge | B6: 16 | C6: Any vaild gauge thickness
A7: HasFrontOverlap | B7: NO | C7: FRONT_JOGGLE
A8: FrontOverlapLength | B8: 1.5 | C8: FRONT_JOGGLE_LENGTH
A9: HasRearOverlap | B9: NO | C9: REAR_JOGGLE
A10: RearOverlapLength | B10: 1.5 | C10: REAR_JOGGLE_LENGTH
A11: HasLeftOverlap | B11: NO | C11: LEFT_JOGGLE
A12: LeftOverlapLength | B12: 1.5 | C12: LEFT_JOGGLE_LENGTH
A13: HasRightOverlap | B13: NO | C13: RIGHT_JOGGLE
A14: RightOverlapLength | B14: 1.5 | C14: RIGHT_JOGGLE_LENGTH
A15: BuildForDXFOutput | B15: NO | C15: BuildForDXFOutput

Sheet Calcs
B1: Parameter | C1: Value
B2: FLOOR_X_LENGTH | C2: =FloorXLength - (IF(AND(HasRearOverlap="YES"),RearOverlapLength,0))-(IF(AND(HasFrontOverlap="YES"),FrontOverlapLength,0)) -> 4.25
B3: FLOOR_Z_LENGTH | C3: =FloorZLength - (IF(AND(HasRightOverlap="YES"),RightOverlapLength, 0)) - (IF(AND(HasLeftOverlap="YES"),LeftOverlapLength,0)) -> 89.5
B4: MAT_LOOKUP | C4: =CONCATENATE(Mtl_Gauge, MaterialType) -> 16STL GALV
B5: MaterialThickness | C5: =VLOOKUP(MAT_LOOKUP,Material!A5:H117, 8, FALSE) -> 0.05601
B6: JoggleHeight | C6: =0.125-C5 -> 0.06899
B7: HasRightJoggle | C7: =IF(HasRightOverlap="YES",1,0) -> 0
B8: RightJoggleLength | C8: =RightOverlapLength -> 1.5
B9: HasRearJoggle | C9: =IF( HasRearOverlap = "YES",1,0) -> 0
B10: RearJoggleLength | C10: =RearOverlapLength -> 1.5
B11: HasLeftJoggle | C11: =IF(HasLeftOverlap="YES",1,0) -> 0
B12: LeftJoggleLength | C12: =LeftOverlapLength -> 1.5
B13: HasFrontJoggle | C13: =IF(HasFrontOverlap="YES",1,0) -> 0
B14: FrontJoggleLength | C14: =FrontOverlapLength -> 1.5

Sheet Material
B1: Solution Project, Raw material codes and calculations, Sheet or Coil stock, Square Foot
D2: Mat'l Group | E2: Metal Gauge | F2: Metal Thickness Min. | G2: Design Thickness (Ref) | H2: Inventor Thickness Key_PK | I2: Active Product "XT" | J2: Active Product "YC" | K2: Mapics Part Number | L2: Material description | M2: Material Type | N2: York "R" Std | O2: Max Cut Size | P2: Unit of Measure | Q2: Inventor Material Designation | R2: "DXF" Mat'l Data (must be 8 characters for Mapics) | S2: Hole Size / Texture | T2: Staggered Centers
A3: MAT_LOOKUP | D3: MAT_GRP | E3: MAT_GA | F3: MAT_MINT | G3: MAT_DEST | H3: MAT_KEYT | I3: MAT_XT | J3: MAT_YC | K3: MAT_PNUM | L3: MAT_DESC | M3: MAT_TYPE | N3: MAT_RSTD | O3: MAT_CUT | P3: MAT_UMSR | Q3: MAT_DESG | R3: MAT_DXF | S3: MAT_HLSZ | T3: MAT_STG
C4: Sheet Products, Solid
A5: =CONCATENATE(E5,Q5) -> 8STL GALV | D5: Sheet, G90 | E5: 8 | F5: .156 | G5: 0.156 | H5: 0.15601 | I5: XT | J5: YC | K5: 005 06145 008 | L5: Galvanized Steel | M5: G90 | N5: R259 w/ note 4 | O5: 48 X 144 | P5: SF | Q5: STL GALV | R5: GLVS157- | S5: N/A | T5: N/A
A6: =CONCATENATE(E6,Q6) -> 10STL GALV | D6: Sheet, G90 | E6: 10 | F6: .125 | G6: 0.126 | H6: 0.12601 | I6: - | J6: YC | K6: 005 06145 010 | L6: Galvanized Steel | M6: G90 | N6: R259 w/ note 4 | O6: 48 X 144 | P6: SF | Q6: STL GALV | R6: GLVS126- | S6: N/A | T6: N/A
A7: =CONCATENATE(E7,Q7) -> 12STL GALV | D7: Sheet, G90 | E7: 12 | F7: .096 | G7: 0.097 | H7: 0.09701 | I7: - | J7: YC | K7: 005 06145 012 | L7: Galvanized Steel | M7: G90 | N7: R259 w/ note 4 | O7: 60 X 144 | P7: SF | Q7: STL GALV | R7: GLVS097- | S7: N/A | T7: N/A
A8: =CONCATENATE(E8,Q8) -> 14STL GALV | D8: Sheet, G90 | E8: 14 | F8: .069 | G8: 0.07 | H8: 0.07001 | I8: - | J8: YC | K8: 005 06145 014 | L8: Galvanized Steel | M8: G90 | N8: R259 w/ note 4 | O8: 60 X 144 | P8: SF | Q8: STL GALV | R8: GLVS070- | S8: N/A | T8: N/A
A9: =CONCATENATE(E9,Q9) -> 16STL GALV | D9: Sheet, G90 | E9: 16 | F9: .055 | G9: 0.056 | H9: 0.05601 | I9: XT | J9: YC | K9: 005 06145 016 | L9: Galvanized Steel | M9: G90 | N9: R259 w/ note 4 | O9: 60 X 144 | P9: SF | Q9: STL GALV | R9: GLVS056A | S9: N/A | T9: N/A
A10: =CONCATENATE(E10,Q10) -> 18STL GALV | D10: Sheet, G90 | E10: 18 | F10: .044 | G10: 0.045 | H10: 0.04501 | I10: XT | J10: YC | K10: 005 06145 018 | L10: Galvanized Steel | M10: G90 | N10: R259 w/ note 4 | O10: 60 X 144 | P10: SF | Q10: STL GALV | R10: GLVS045A | S10: N/A | T10: N/A
A11: =CONCATENATE(E11,Q11) -> 20STL GALV | D11: Sheet, G90 | E11: 20 | F11: .033 | G11: 0.034 | H11: 0.03401 | I11: XT | J11: YC | K11: 005 06145 020 | L11: Galvanized Steel | M11: G90 | N11: R259 w/ note 4 | O11: 60 X 144 | P11: SF | Q11: STL GALV | R11: GLVS034- | S11: N/A | T11: N/A
A12: =CONCATENATE(E12,Q12) -> 22STL GALV | D12: Sheet, G90 | E12: 22 | F12: .028 | G12: 0.028 | H12: 0.02801 | I12: - | J12: YC | K12: 005 06145 022 | L12: Galvanized Steel | M12: G90 | N12: R259 w/ note 4 | O12: 60 X 144 | P12: SF | Q12: STL GALV | R12: GLVS028- | S12: N/A | T12: N/A
A13: =CONCATENATE(E13,Q13) -> 24STL GALV | D13: Sheet, G90 | E13: 24 | F13: .022 | G13: 0.022 | H13: 0.02201 | I13: XT | J13: YC | K13: 005 06145 024 | L13: Galvanized Steel | M13: G90 | N13: R259 w/ note 4 | O13: 60 X 144 | P13: SF | Q13: STL GALV | R13: GLVS022- | S13: N/A | T13: N/A
A14: =CONCATENATE(E14,Q14) -> 16STL GALV2 | D14: Roll Form Coil | E14: 16 | F14: .055 | G14: 0.056 | H14: 0.05605 | I14: - | J14: YC | K14: 001 07591 467 | L14: Channel,Rf,16ga,Glv,4.67w_Flat, YC 2" Housing Channel | M14: G40 | N14: R259 w/ note 4 | O14: 4.67 X Lg | P14: SF | Q14: STL GALV2 | R14: GLVS056C | S14: N/A | T14: N/A
A15: =CONCATENATE(E15,Q15) -> 16STL GALV3 | D15: Roll Form Coil | E15: 16 | F15: .055 | G15: 0.056 | H15: 0.05606 | I15: - | J15: YC | K15: 001 07591 567 | L15: Channel,Rf,16ga,Glv,5.67w_Flat, YC 3" Housing Channel | M15: G40 | N15: R259 w/ note 4 | O15: 5.67 X Lg | P15: SF | Q15: STL GALV3 | R15: GLVS056D | S15: N/A | T15: N/A
A16: =CONCATENATE(E16,Q16) -> 16STL GALV4 | D16: Roll Form Coil | E16: 16 | F16: .055 | G16: 0.056 | H16: 0.05607 | I16: - | J16: YC | K16: 001 07591 667 | L16: Channel,Rf,16ga,Glv,6.67w_Flat, YC 4" Housing Channel | M16: G40 | N16: R259 w/ note 4 | O16: 6.67 X Lg | P16: SF | Q16: STL GALV4 | R16: GLVS056E | S16: N/A | T16: N/A
A17: =CONCATENATE(E17,Q17) -> 18STL GALVS | D17: Roll Form Coil | E17: 18 | F17: .044 | G17: 0.045 | H17: 0.04502 | I17: XT | J17: - | K17: 005 06160 001 | L17: Galvanized Steel, Coil, XT Seam Cap | M17: G90 | N17: R259 w/ note 4 | O17: 2.491 X Lg | P17: SF | Q17: STL GALVS | R17: GLVS045B | S17: N/A | T17: N/A
A18: =CONCATENATE(E18,Q18) -> 16STL GALVR | D18: Roll Form Coil | E18: 16 | F18: .055 | G18: 0.056 | H18: 0.05602 | I18: XT | J18: - | K18: 005 06161 001 | L18: Galvanized Steel, Coil, XT Raceway | M18: G90 | N18: R259 w/ note 4 | O18: 12.62 X Lg | P18: SF | Q18: STL GALVR | R18: GLVS056B | S18: N/A | T18: N/A
A19: =CONCATENATE(E19,Q19) -> 14STL GALV PPG | D19: Sheet, Pre-Paint | E19: 14 | F19: .069 | G19: 0.07 | H19: 0.07003 | I19: - | J19: YC | K19: 005 07110 014 | L19: Sheet,Pre-Paint,Gray,14ga | M19: P-Paint | N19: M-310 | O19: 48 x Lg | P19: SF | Q19: STL GALV PPG | R19: GLVPP070A | S19: Gray Paint | T19: N/A
A20: =CONCATENATE(E20,Q20) -> 16STL GALV PPG | D20: Sheet, Pre-Paint | E20: 16 | F20: .055 | G20: 0.056 | H20: 0.05603 | I20: - | J20: YC | K20: 005 07110 016 | L20: Sheet,Pre-Paint,Gray,16ga | M20: P-Paint | N20: M-310 | O20: 48 x Lg | P20: SF | Q20: STL GALV PPG | R20: GLVPP056A | S20: Gray Paint | T20: N/A
A21: =CONCATENATE(E21,Q21) -> 16STL GALV PPC | D21: Sheet, Pre-Paint | E21: 16 | F21: .055 | G21: 0.056 | H21: 0.05604 | I21: - | J21: YC | K21: 005 07110 116 | L21: Sheet,Pre-Paint,Champagne,16ga | M21: P-Paint | N21: M-310 | O21: 48 x Lg | P21: SF | Q21: STL GALV PPC | R21: GLVPP056B | S21: Champagne Paint | T21: N/A
A22: =CONCATENATE(E22,Q22) -> 18STL GALV PPW | D22: Sheet, Pre-Paint | E22: 18 | F22: .044 | G22: 0.045 | H22: 0.04503 | I22: - | J22: YC | K22: 005 07110 117 | L22: Sheet,Pre-Paint,Msftwhite,18ga | M22: P-Paint | N22: M-310 | O22: 48 x Lg | P22: SF | Q22: STL GALV PPW | R22: GLVPP045A | S22: Msftwhite Paint | T22: N/A
A23: =CONCATENATE(E23,Q23) -> 18STL GALV PPC | D23: Sheet, Pre-Paint | E23: 18 | F23: .044 | G23: 0.045 | H23: 0.04504 | I23: - | J23: YC | K23: 005 07110 118 | L23: Sheet,Pre-Paint,Champagne,18ga | M23: P-Paint | N23: M-310 | O23: 48 x Lg | P23: SF | Q23: STL GALV PPC | R23: GLVPP045B | S23: Champagne Paint | T23: N/A
A24: =CONCATENATE(E24,Q24) -> 20STL GALV PPC | D24: Sheet, Pre-Paint | E24: 20 | F24: .033 | G24: 0.034 | H24: 0.03404 | I24: XT | J24: YC | K24: 005 07110 120 | L24: Sheet,Pre-Paint,Champagne,20ga | M24: P-Paint | N24: R-14 | O24: 48 x Lg | P24: SF | Q24: STL GALV PPC | R24: GLPP034A | S24: Champagne Paint | T24: N/A
A25: =CONCATENATE(E25,Q25) -> 10STL HOT ROLL | D25: Sheet, HR | E25: 10 | F25: .127 | G25: 0.127 | H25: 0.12701 | I25: - | J25: YC | K25: 005 07113 010 | L25: Sheet,Hot-Rolled,10ga | M25: HR | N25: - | O25: 48 X 144 | P25: SF | Q25: STL HOT ROLL | R25: STLHR127A | S25: Hot-Rolled | T25: N/A
A26: =CONCATENATE(E26,Q26) -> 11STL HOT ROLL | D26: Sheet, HR | E26: 11 | F26: .112 | G26: 0.112 | H26: 0.11201 | I26: - | J26: YC | K26: 005 07113 011 | L26: Sheet,Hot-Rolled,11ga | M26: HR | N26: - | O26: 48 X 96 | P26: SF | Q26: STL HOT ROLL | R26: STLHR112A | S26: Hot-Rolled | T26: N/A
A27: =CONCATENATE(E27,Q27) -> 12STL HOT ROLL | D27: Sheet, HR | E27: 12 | F27: .097 | G27: 0.097 | H27: 0.09704 | I27: - | J27: YC | K27: 005 07113 012 | L27: Sheet,Hot-Rolled,12ga | M27: HR | N27: - | O27: 48 X 96 | P27: SF | Q27: STL HOT ROLL | R27: STLHR097A | S27: Hot-Rolled | T27: N/A
A28: =CONCATENATE(E28,Q28) -> 14STL HOT ROLL | D28: Sheet, HR | E28: 14 | F28: .068 | G28: 0.068 | H28: 0.06801 | I28: - | J28: YC | K28: 005 07113 014 | L28: Sheet,Hot-Rolled,14ga | M28: HR | N28: - | O28: 48 X 120 | P28: SF | Q28: STL HOT ROLL | R28: STLHR068A | S28: Hot-Rolled | T28: N/A
A29: =CONCATENATE(E29,Q29) -> 20ALM SHT | D29: Sheet, AL | E29: 20 | F29: .040 | G29: 0.04 | H29: 0.04001 | I29: - | J29: YC | K29: 008 02570 040 | L29: Sheet,Al,3003h14,.040 | M29: AL | N29: R-777 | O29: 48 x 144 | P29: SF | Q29: ALM SHT | R29: ALUS040A | S29: N/A | T29: N/A
A30: =CONCATENATE(E30,Q30) -> 18ALM SHT | D30: Sheet, AL | E30: 18 | F30: .050 | G30: 0.05 | H30: 0.05003 | I30: - | J30: YC | K30: 008 02570 050 | L30: Sheet,Al,3003h14,.050 | M30: AL | N30: R-777 | O30: 48 x 144 | P30: SF | Q30: ALM SHT | R30: ALUS050A | S30: N/A | T30: N/A
A31: =CONCATENATE(E31,Q31) -> 16ALM SHT | D31: Sheet, AL | E31: 16 | F31: .063 | G31: 0.063 | H31: 0.06301 | I31: - | J31: YC | K31: 008 02570 063 | L31: Sheet,Al,3003h14,.063 | M31: AL | N31: R-777 | O31: 48 x 144 | P31: SF | Q31: ALM SHT | R31: ALUS063A | S31: N/A | T31: N/A
A32: =CONCATENATE(E32,Q32) -> 14ALM SHT | D32: Sheet, AL | E32: 14 | F32: .080 | G32: 0.08 | H32: 0.08001 | I32: - | J32: YC | K32: 008 02570 080 | L32: Sheet,Al,3003h14,.080 | M32: AL | N32: R-777 | O32: 48 x 144 | P32: SF | Q32: ALM SHT | R32: ALUS080A | S32: N/A | T32: N/A
A33: =CONCATENATE(E33,Q33) -> 12ALM SHT | D33: Sheet, AL | E33: 12 | F33: .090 | G33: 0.09 | H33: 0.09001 | I33: - | J33: YC | K33: 008 02570 090 | L33: Sheet,Al,3003h14,.090 | M33: AL | N33: R-777 | O33: 48 x 144 | P33: SF | Q33: ALM SHT | R33: ALUS090A | S33: N/A | T33: N/A
A34: =CONCATENATE(E34,Q34) -> 10ALM SHT | D34: Sheet, AL | E34: 10 | F34: .125 | G34: 0.125 | H34: 0.12501 | I34: - | J34: YC | K34: 008 02570 125 | L34: Sheet,Al,3003h14,.125 | M34: AL | N34: R-777 | O34: 48 x 144 | P34: SF | Q34: ALM SHT | R34: ALUS125A | S34: N/A | T34: N/A
A35: =CONCATENATE(E35,Q35) -> 8ALM SHT | D35: Sheet, AL | E35: 8 | F35: .190 | G35: 0.19 | H35: 0.19001 | I35: - | J35: YC | K35: 008 02570 190 | L35: Sheet,Al,3003h14,.190 | M35: AL | N35: R-777 | O35: 48 x 144 | P35: SF | Q35: ALM SHT | R35: ALUS190A | S35: N/A | T35: N/A
... A38: =CONCATENATE(E38,Q38) -> 12SST304 | D38: Sheet, SST | E38: 12 | F38: .105 | G38: 0.105 | H38: 0.10501 | I38: XT | J38: YC | K38: 005 06146 012 | L38: Stainless steel | M38: 304 | N38: R52 | O38: 60 X 144 | P38: SF | Q38: SST304 | R38: SSTS105- | S38: N/A | T38: N/A
A39: =CONCATENATE(E39,Q39) -> 14SST304 | D39: Sheet, SST | E39: 14 | F39: .075 | G39: 0.075 | H39: 0.07501 | I39: XT | J39: YC | K39: 005 06146 014 | L39: Stainless steel | M39: 304 | N39: R52 | O39: 60 X 144 | P39: SF | Q39: SST304 | R39: SSTS075- | S39: N/A | T39: N/A
A40: =CONCATENATE(E40,Q40) -> 16SST304 | D40: Sheet, SST | E40: 16 | F40: .060 | G40: 0.06 | H40: 0.06001 | I40: XT | J40: YC | K40: 005 06146 016 | L40: Stainless steel | M40: 304 | N40: R52 | O40: 60 X 144 | P40: SF | Q40: SST304 | R40: SSTS060- | S40: N/A | T40: N/A
A41: =CONCATENATE(E41,Q41) -> 18SST304 | D41: Sheet, SST | E41: 18 | F41: .048 | G41: 0.048 | H41: 0.04801 | I41: XT | J41: YC | K41: 005 06146 018 | L41: Stainless steel | M41: 304 | N41: R52 | O41: 60 X 144 | P41: SF | Q41: SST304 | R41: SSTS048- | S41: N/A | T41: N/A
A42: =CONCATENATE(E42,Q42) -> 20SST304 | D42: Sheet, SST | E42: 20 | F42: .035 | G42: 0.035 | H42: 0.03501 | I42: XT | J42: YC | K42: 005 06146 020 | L42: Stainless steel | M42: 304 | N42: R52 | O42: 60 X 144 | P42: SF | Q42: SST304 | R42: SSTS035- | S42: N/A | T42: N/A
A43: =CONCATENATE(E43,Q43) -> 22SST304 | D43: Sheet, SST | E43: 22 | F43: .029 | G43: 0.029 | H43: 0.02901 | I43: - | J43: YC | K43: 005 06146 022 | L43: Stainless steel | M43: 304 | N43: R52 | O43: 60 X 144 | P43: SF | Q43: SST304 | R43: SSTS029- | S43: N/A | T43: N/A
A44: =CONCATENATE(E44,Q44) -> 24SST304 | D44: Sheet, SST | E44: 24 | F44: .024 | G44: 0.024 | H44: 0.02401 | I44: N/A | J44: N/A | K44: 005 06146 024 | L44: Stainless steel | M44: 304 | N44: R52 | O44: 60 X 144 | P44: SF | Q44: SST304 | R44: SSTS024- | S44: N/A | T44: N/A
A45: =CONCATENATE(E45,Q45) -> 12SST304L | D45: Sheet, SST | E45: 12 | F45: .105 | G45: 0.105 | H45: 0.10502 | I45: - | J45: YC | K45: 005 07103 012 | L45: Sheet,304lss,12ga | M45: 304L | N45: R52 | O45: 60 X 144 | P45: SF | Q45: SST304L | R45: SSTL105- | S45: N/A | T45: N/A
A46: =CONCATENATE(E46,Q46) -> 16SST304L | D46: Sheet, SST | E46: 16 | F46: .060 | G46: 0.06 | H46: 0.06002 | I46: - | J46: YC | K46: 005 07103 016 | L46: Sheet,304lss,16ga | M46: 304L | N46: R52 | O46: 60 X 144 | P46: SF | Q46: SST304L | R46: SSTL060- | S46: N/A | T46: N/A
A47: =CONCATENATE(E47,Q47) -> 10SST316L | D47: Sheet, SST | E47: 10 | F47: .135 | G47: 0.135 | H47: 0.13502 | I47: - | J47: YC | K47: 005 07104 010 | L47: Sheet,316lss, 10ga | M47: 316L | N47: R52 | O47: 60 X 144 | P47: SF | Q47: SST316L | R47: SSLS135- | S47: N/A | T47: N/A
A48: =CONCATENATE(E48,Q48) -> 12SST316L | D48: Sheet, SST | E48: 12 | F48: .105 | G48: 0.105 | H48: 0.10503 | I48: - | J48: YC | K48: 005 07104 012 | L48: Sheet,316lss, 12ga | M48: 316L | N48: R52 | O48: 60 X 144 | P48: SF | Q48: SST316L | R48: SSLS105- | S48: N/A | T48: N/A
A49: =CONCATENATE(E49,Q49) -> 14SST316L | D49: Sheet, SST | E49: 14 | F49: .075 | G49: 0.075 | H49: 0.07502 | I49: - | J49: YC | K49: 005 07104 014 | L49: Sheet,316lss, 14ga | M49: 316L | N49: R52 | O49: 60 X 144 | P49: SF | Q49: SST316L | R49: SSLS075- | S49: N/A | T49: N/A
A50: =CONCATENATE(E50,Q50) -> 16SST316L | D50: Sheet, SST | E50: 16 | F50: .060 | G50: 0.06 | H50: 0.06003 | I50: XT | J50: YC | K50: 005 07104 016 | L50: Sheet,316lss, 16ga | M50: 316L | N50: R52 | O50: 60 X 144 | P50: SF | Q50: SST316L | R50: SSLS060- | S50: N/A | T50: N/A
A51: =CONCATENATE(E51,Q51) -> 18SST316L | D51: Sheet, SST | E51: 18 | F51: .048 | G51: 0.048 | H51: 0.04802 | I51: XT | J51: YC | K51: 005 07104 018 | L51: Sheet,316lss, 18ga | M51: 316L | N51: R52 | O51: 60 X 144 | P51: SF | Q51: SST316L | R51: SSLS048- | S51: N/A | T51: N/A
A52: =CONCATENATE(E52,Q52) -> 20SST316L | D52: Sheet, SST | E52: 20 | F52: .035 | G52: 0.035 | H52: 0.03502 | I52: XT | J52: YC | K52: 005 07104 020 | L52: Sheet,316lss, 20ga | M52: 316L | N52: R52 | O52: 60 X 144 | P52: SF | Q52: SST316L | R52: SSLS035- | S52: N/A | T52: N/A
A53: =CONCATENATE(E53,Q53) -> 22SST316L | D53: Sheet, SST | E53: 22 | F53: .029 | G53: 0.029 | H53: 0.02902 | I53: - | J53: YC | K53: 005 07104 022 | L53: Sheet,316lss, 22ga | M53: 316L | N53: R52 | O53: 60 X 144 | P53: SF | Q53: SST316L | R53: SSLS029- | S53: N/A | T53: N/A
A54: =CONCATENATE(E54,Q54) -> 20SST409 | D54: Sheet, SST | E54: 20 | F54: .035 | G54: 0.035 | H54: 0.03504 | I54: XT | J54: - | K54: 005 07348 020 | L54: Sheet,409ss,20ga | M54: 409 | N54: - | O54: 60 X 144 | P54: SF | Q54: SST409 | R54: SST4035- | S54: N/A | T54: N/A
A55: =CONCATENATE(E55,Q55)
A56: =CONCATENATE(E56,Q56) | C56: Sheet Products, Structural
A57: =CONCATENATE(E57,Q57) -> 10STRUCT GALV | D57: Sheet, Structural | E57: 10 | F57: .125 | G57: 0.126 | H57: 0.12602 | I57: XT | J57: - | K57: 005 06596 010 | L57: Structural Galvanized Steel | M57: G90 | N57: R1190 | O57: 48 X 144 | P57: SF | Q57: STRUCT GALV | R57: GLVS126S | S57: N/A | T57: N/A
A58: =CONCATENATE(E58,Q58) -> 12STRUCT GALV | D58: Sheet, Structural | E58: 12 | F58: .096 | G58: 0.097 | H58: 0.09702 | I58: XT | J58: - | K58: 005 06596 012 | L58: Structural Galvanized Steel | M58: G90 | N58: R1190 | O58: 60 X 144 | P58: SF | Q58: STRUCT GALV | R58: GLVS097S | S58: N/A | T58: N/A
A59: =CONCATENATE(E59,Q59) -> 14STRUCT GALV | D59: Sheet, Structural | E59: 14 | F59: .069 | G59: 0.07 | H59: 0.07002 | I59: XT | J59: - | K59: 005 06596 014 | L59: Structural Galvanized Steel | M59: G90 | N59: R1190 | O59: 60 X 144 | P59: SF | Q59: STRUCT GALV | R59: GLVS070S | S59: N/A | T59: N/A
A60: =CONCATENATE(E60,Q60) -> 10STL STRUCT HR | D60: Sheet Structural | E60: 10 | F60: .127 | G60: 0.127 | H60: 0.12702 | I60: - | J60: YC | K60: 005 07282 010 | L60: Structural, Hot-Rolled, 10Ga, Grade 50 | M60: HR | N60: - | O60: 60 x 144 | P60: SF | Q60: STL STRUCT HR | R60: STHR127S | S60: Hot Rolled | T60: N/A
A61: =CONCATENATE(E61,Q61)
A62: =CONCATENATE(E62,Q62) | C62: Sheet Products, Perforated
A63: =CONCATENATE(E63,Q63) -> 20GALV PRFA | D63: Sheet, Perf | E63: 20 | F63: .039 | G63: 0.039 | H63: 0.03901 | I63: XT | J63: - | K63: 005 02897 000 | L63: Galvanized Steel (perf) | M63: G90 | N63: R1045 | O63: 48 X 120 | P63: SF | Q63: GALV PRFA | R63: GLVP039A | S63: 5/16 | T63: 3/8
A64: =CONCATENATE(E64,Q64) -> 20GALV PRFD | D64: Sheet, Perf | E64: 20 | F64: .039 | G64: 0.039 | H64: 0.03902 | I64: XT | J64: - | K64: 005 02901 000 | L64: Galvanized Steel (perf) | M64: G90 | N64: R1045 | O64: 48 X 120 | P64: SF | Q64: GALV PRFD | R64: GLVP039D | S64: 1/4 | T64: 3/8
A65: =CONCATENATE(E65,Q65) -> 20GALV PRFE | D65: Sheet, Perf | E65: 20 | F65: .039 | G65: 0.039 | H65: 0.03903 | I65: XT | J65: - | K65: 005 06154 000 | L65: Galvanized Steel (perf) | M65: G90 | N65: R1045 | O65: 48 X 120 | P65: SF | Q65: GALV PRFE | R65: GLVP039E | S65: 5/8 | T65: 13/16
A66: =CONCATENATE(E66,Q66) -> 16GALV PRFG | D66: Sheet, Perf | E66: 16 | F66: .055 | G66: 0.055 | H66: 0.05501 | I66: - | J66: YC | K66: 005 07115 016 | L66: Sheet,Perf,Glv,40.3%,16ga | M66: G90 | N66: R1045 | O66: 48 X Lg | P66: SF | Q66: GALV PRFG | R66: GLVP055A | S66: .125 | T66: .188
A67: =CONCATENATE(E67,Q67) -> 18GALV PRFG | D67: Sheet, Perf | E67: 18 | F67: .044 | G67: 0.044 | H67: 0.04505 | I67: - | J67: YC | K67: 005 07115 018 | L67: Sheet,Perf,Glv,40.3%,18ga | M67: G90 | N67: R1045 | O67: 48 X 120 | P67: SF | Q67: GALV PRFG | R67: GLVP045A | S67: .125 | T67: .188
A68: =CONCATENATE(E68,Q68) -> 20GALV PRFG | D68: Sheet, Perf | E68: 20 | F68: .033 | G68: 0.034 | H68: 0.03402 | I68: - | J68: YC | K68: 005 07115 020 | L68: Sheet,Perf,Glv,40.3%,20ga | M68: G90 | N68: R1045 | O68: 48 X 144 | P68: SF | Q68: GALV PRFG | R68: GLVP034A | S68: .125 | T68: .188
A69: =CONCATENATE(E69,Q69) -> 22GALV PRFF | D69: Sheet, Perf | E69: 22 | F69: .028 | G69: 0.028 | H69: 0.02802 | I69: XT | J69: YC | K69: 005 07115 022 | L69: Sheet,Perf,Glv,40.3%,22ga | M69: G90 | N69: R1045 | O69: 60 X 144 | P69: SF | Q69: GALV PRFF | R69: GLVP028A | S69: .125 | T69: .188
A70: =CONCATENATE(E70,Q70) -> 18GALV PRFH | D70: Sheet, Perf | E70: 18 | F70: .044 | G70: 0.044 | H70: 0.044 | I70: - | J70: YC | K70: 005 07118 018 | L70: Sheet,Perf,Glv,47%,18ga | M70: G90 | N70: R1045 | O70: 48 X 120 | P70: SF | Q70: GALV PRFH | R70: GLVP044B | S70: .50 | T70: .688
A71: =CONCATENATE(E71,Q71) -> 18ALM PRF | D71: Sheet, Perf, AL | E71: 18 | F71: .050 | G71: 0.05 | H71: 0.05001 | I71: XT | J71: - | K71: 008 02316 001 | L71: Aluminum Sheet (perf) | M71: AL | N71: R1116 | O71: 60 X 144 | P71: SF | Q71: ALM PRF | R71: ALUP050A | S71: 1/8 | T71: 7/32
A72: =CONCATENATE(E72,Q72) -> 18ALM PRFA | D72: Sheet, Perf, AL | E72: 18 | F72: .050 | G72: 0.05 | H72: 0.05002 | I72: - | J72: YC | K72: 008 02573 050 | L72: Sheet,Perf,Al,40.3%,.050, 3003h14 | M72: AL | N72: - | O72: 48 x 144 | P72: SF | Q72: ALM PRFA | R72: ALUP050B | S72: .125 | T72: .188
A73: =CONCATENATE(E73,Q73) -> 16ALM PRFA | D73: Sheet, Perf, AL | E73: 16 | F73: .063 | G73: 0.063 | H73: 0.06302 | I73: - | J73: YC | K73: 008 02573 063 | L73: Sheet,Perf,Al,40.3%,.063, 3003h14 | M73: AL | N73: - | O73: 48 x 144 | P73: SF | Q73: ALM PRFA | R73: ALUP063A | S73: .125 | T73: .188
A74: =CONCATENATE(E74,Q74) -> 14ALM PRFA | D74: Sheet, Perf, AL | E74: 14 | F74: .080 | G74: 0.08 | H74: 0.08003 | I74: - | J74: YC | K74: 008 02573 080 | L74: Sheet,Perf,Al,40.3%,.080, 3003h14 | M74: AL | N74: - | O74: 48 x 144 | P74: SF | Q74: ALM PRFA | R74: ALUP080A | S74: .125 | T74: .188
A75: =CONCATENATE(E75,Q75) -> 14ALM PRFB | D75: Sheet, Perf, AL | E75: 14 | F75: .080 | G75: 0.08 | H75: 0.08004 | I75: - | J75: YC | K75: 008 02574 080 | L75: Sheet,Perf,Al,47%,.080, 3003h14 | M75: AL | N75: - | O75: 48 x 144 | P75: SF | Q75: ALM PRFB | R75: ALUP080B | S75: .50 | T75: .688
A76: =CONCATENATE(E76,Q76) -> 16SST304PA | D76: Sheet, Perf, SST | E76: 16 | F76: .060 | G76: 0.06 | H76: 0.06004 | I76: - | J76: YC | K76: 005 07114 016 | L76: Sheet,Perf,304ss,40.3%,16ga | M76: 304 | N76: R52 | O76: 60 X 144 | P76: SF | Q76: SST304PA | R76: SSTP060A | S76: .125 | T76: .188
A77: =CONCATENATE(E77,Q77) -> 18SST304PA | D77: Sheet, Perf, SST | E77: 18 | F77: .048 | G77: 0.048 | H77: 0.04803 | I77: - | J77: YC | K77: 005 07114 018 | L77: Sheet,Perf,304ss,40.3%,18ga | M77: 304 | N77: R52 | O77: 60 X 144 | P77: SF | Q77: SST304PA | R77: SSTP048B | S77: .125 | T77: .188
A78: =CONCATENATE(E78,Q78) -> 20SST304PA | D78: Sheet, Perf, SST | E78: 20 | F78: .035 | G78: 0.035 | H78: 0.03503 | I78: - | J78: YC | K78: 005 07114 020 | L78: Sheet,Perf,304ss,40.3%,20ga | M78: 304 | N78: R52 | O78: 60 X 144 | P78: SF | Q78: SST304PA | R78: SSTP035A | S78: .125 | T78: .188
A79: =CONCATENATE(E79,Q79) -> 16SST304PC | D79: Sheet, Perf, SST | E79: 16 | F79: .060 | G79: 0.06 | H79: 0.06005 | I79: - | J79: YC | K79: 005 07116 016 | L79: Sheet,Perf,304ss,51%,16ga | M79: 304 | N79: R52 | O79: 60 X 144 | P79: SF | Q79: SST304PC | R79: SSTP060B | S79: .188 | T79: .25
A80: =CONCATENATE(E80,Q80) -> 18SST304PB | D80: Sheet, Perf, SST | E80: 18 | F80: .048 | G80: 0.048 | H80: 0.04804 | I80: - | J80: YC | K80: 005 07117 018 | L80: Sheet,Perf,304ss,47%,18ga | M80: 304 | N80: R52 | O80: 60 X 144 | P80: SF | Q80: SST304PB | R80: SSTP048C | S80: .50 | T80: .688
A81: =CONCATENATE(E81,Q81)
A82: =CONCATENATE(E82,Q82) | C82: Sheet Products, Expanded or Textured
A83: =CONCATENATE(E83,Q83) -> 9GALV EXPA | D83: Sheet, Expanded | E83: 9 | F83: .146 | G83: 0.146 | H83: 0.14602 | I83: XT | J83: - | K83: 005 06150 000 | L83: Galvanized Steel (Expanded/Flattened) 3/4 No. 9 | M83: G90 | N83: R259 | O83: 48 x 120 | P83: SF | Q83: GALV EXPA | R83: GLVE146A | S83: 3/4" wide diamond | T83: Flattened
A84: =CONCATENATE(E84,Q84) -> 9GALV EXPB | D84: Sheet, Expanded | E84: 9 | F84: .146 | G84: 0.146 | H84: 0.14601 | I84: XT | J84: - | K84: 005 06579 000 | L84: Galvanized Steel (Expanded/Flattened) 1-1/2 No. 9 | M84: G90 | N84: R259 | O84: 48 x 120 | P84: SF | Q84: GALV EXPB | R84: GLVE146B | S84: 1-1/2" wide diamond | T84: Flattened
A85: =CONCATENATE(E85,Q85) -> 9GALV EXPBY | D85: Sheet, Expanded | E85: 9 | F85: .146 | G85: 0.146 | H85: 0.14604 | I85: - | J85: YC | K85: 005 06579 100 | L85: Sheet,Exp_Mtl,Glv,G90,9ga, 1.5 Flattened | M85: G90 | N85: R259 | O85: 48 x 96 | P85: SF | Q85: GALV EXPBY | R85: GLVE146C | S85: 1-1/2" wide diamond | T85: Flattened
A86: =CONCATENATE(E86,Q86) -> 11GALV EXPA | D86: Sheet, Expanded | E86: 11 | F86: .120 | G86: 0.12 | H86: 0.12001 | I86: - | J86: YC | K86: 005 07109 011 | L86: Sheet,Exp_Mtl,Glv,11ga, .75 Flattened, #9 | M86: G90 | N86: R259 | O86: 48 x 120 | P86: SF | Q86: GALV EXPA | R86: GLVE120- | S86: 3/4" wide diamond | T86: Flattened
A87: =CONCATENATE(E87,Q87) -> 16ALM EXP | D87: Sheet, Expanded, AL | E87: 16 | F87: .060 | G87: 0.06 | H87: 0.06006 | I87: XT | J87: - | K87: 008 02335 000 | L87: Aluminum Sht (Expanded/Flattened) 1/2 No..081 5005-H34 | M87: AL | N87: - | O87: 48 X 120 | P87: SF | Q87: ALM EXP | R87: ALUE060A | S87: .28x.94 diamond | T87: Flattened
A88: =CONCATENATE(E88,Q88) -> 9SST304E | D88: Sheet, Expanded, SST | E88: 9 | F88: .146 | G88: 0.146 | H88: 0.14603 | I88: - | J88: YC | K88: 005 06588 100 | L88: Sheet,Exp_Mtl,Ss,304,9ga,1.5 Flattened | M88: 304 | N88: R52 | O88: 48 x 96 | P88: SF | Q88: SST304E | R88: SSTE146- | S88: 1-1/2" wide diamond | T88: Flattened
A89: =CONCATENATE(E89,Q89) -> 11SST304E | D89: Sheet, Expanded, SST | E89: 11 | F89: .120 | G89: 0.12 | H89: 0.12002 | I89: - | J89: YC | K89: 005 07120 011 | L89: Sheet,Exp_Mtl,304ss,11ga, .75 flattened #9 | M89: 304 | N89: R52 | O89: 60 X 144 | P89: SF | Q89: SST304E | R89: SSTE120- | S89: 3/4" wide diamond | T89: Flattened
A90: =CONCATENATE(E90,Q90) -> 20ALM EMB | D90: Sheet, AL, Emb | E90: 20 | F90: .040 | G90: 0.04 | H90: 0.04002 | I90: - | J90: YC | K90: 008 02168 000 | L90: Al,3105h14,.040, Stucco Emb Alum | M90: AL | N90: Stucco Finish | O90: 48 x 144 | P90: SF | Q90: ALM EMB | R90: ALUE040A | S90: Embossed AL | T90: N/A
A91: =CONCATENATE(E91,Q91) -> 16ALM EMB | D91: Sheet, AL, Emb | E91: 16 | F91: .063 | G91: 0.063 | H91: 0.06303 | I91: - | J91: YC | K91: 008 02571 163 | L91: Al,3003-H14,.063, Stucco Emb Alum | M91: AL | N91: Stucco Finish | O91: 48 x 144 | P91: SF | Q91: ALM EMB | R91: ALUE063A | S91: Embossed AL | T91: N/A
A92: =CONCATENATE(E92,Q92) -> 14ALM EMB | D92: Sheet, AL, Emb | E92: 14 | F92: .080 | G92: 0.08 | H92: 0.08002 | I92: - | J92: YC | K92: 008 02571 080 | L92: Sheet,Al_Text,3003h134,.080_Stucco | M92: AL | N92: Stucco Finish | O92: 48 x 144 | P92: SF | Q92: ALM EMB | R92: ALUE080A | S92: Embossed AL | T92: N/A
A93: =CONCATENATE(E93,Q93) -> 1SST304G | D93: Grating | E93: 1 | F93: 1"High | G93: 1 | H93: 1.00002 | I93: - | J93: YC | K93: 001 07514 000 | L93: Grating,19-S-4,1h_.13thk ,Stainless Steel Grating | M93: 304 | N93: R52 | O93: 36 X 96 | P93: SF | Q93: SST304G | R93: SSTG100A | S93: 1" 19-S-4 | T93: N/A
A94: =CONCATENATE(E94,Q94) -> 1ALM GRATE | D94: Grating | E94: 1 | F94: 1"High | G94: 1 | H94: 1.00003 | I94: - | J94: YC | K94: 001 07515 000 | L94: Grating,19-Ap-4,1h_.13thk,Aluminum Grating | M94: AL | N94: - | O94: 36 X 96 | P94: SF | Q94: ALM GRATE | R94: ALUG100A | S94: 1" 19-Ap-4 | T94: N/A
A95: =CONCATENATE(E95,Q95) -> 1GALV GRATE | D95: Grating | E95: 1 | F95: 1"High | G95: 1 | H95: 1.00001 | I95: - | J95: YC | K95: 001 07516 000 | L95: Grating,19-W-4,1h_.13thk ,Hot Dipped Glv Grating | M95: G90 | N95: Hot Dip | O95: 36 X 96 | P95: SF | Q95: GALV GRATE | R95: GLVG100A | S95: 1" 19-W-4 | T95: N/A
A96: =CONCATENATE(E96,Q96) -> 19GALV CLOTH | D96: Sheet, Cloth | E96: 19 | F96: .04 | G96: 0.04 | H96: 0.04003 | I96: - | J96: YC | K96: 005 07112 041 | L96: Cloth, Hdw, Glv, .5 x .5 x .04 | M96: G90 | N96: Galv | O96: 48 x 120 | P96: SF | Q96: GALV CLOTH | R96: GLVC040A | S96: N/A | T96: N/A
A97: =CONCATENATE(E97,Q97) -> 19SST304 CLOTH | D97: Sheet, Cloth | E97: 19 | F97: .041 | G97: 0.041 | H97: 0.04101 | I97: - | J97: YC | K97: 005 07111 041 | L97: Cloth, Hdw, 304ss, .5 x .5 x .041 | M97: 304 | N97: R52 | O97: 48 X 120 | P97: SF | Q97: SST304 CLOTH | R97: SSTC041A | S97: N/A | T97: N/A
A98: =CONCATENATE(E98,Q98)
A99: =CONCATENATE(G99,Q99) | C99: Sheet Products, Diamond Tread Plate
A100: =CONCATENATE(E100,Q100) -> 12STL DIA HR | D100: Plate, Diamond, HR | E100: 12 | F100: .096 | G100: 0.097 | H100: 0.09703 | I100: - | J100: YC | K100: 005 07108 012 | L100: Plate,Dia,Hot-Rolled,12ga | M100: HR | N100: - | O100: 48 X 96 | P100: SF | Q100: STL DIA HR | R100: HRSD097- | S100: Raised Lug | T100: N/A
A101: =CONCATENATE(E101,Q101) -> 14STL DIA HR | D101: Plate, Diamond, HR | E101: 14 | F101: .069 | G101: 0.07 | H101: 0.07004 | I101: - | J101: YC | K101: 005 07108 014 | L101: Plate,Dia,Hot-Rolled,14ga | M101: HR | N101: - | O101: 48 X 120 | P101: SF | Q101: STL DIA HR | R101: HRSD070- | S101: Raised Lug | T101: N/A
A102: =CONCATENATE(E102,Q102) -> 10STL DIA HR | D102: Plate, Diamond, HR | E102: 10 | F102: .125 | G102: 0.126 | H102: 0.12603 | I102: - | J102: YC | K102: 005 07108 125 | L102: Plate,Dia,Hot-Rolled,.125 | M102: HR | N102: - | O102: 48 X 144 | P102: SF | Q102: STL DIA HR | R102: HRSD126- | S102: Raised Lug | T102: N/A
...

Sheet Revision List
A1: Revision | B1: Date | C1: Description | D1: By | E1: ECN Number
A2: A | B2: 43053 | C2: NEW | D2: MH | E2: -
A3: B | B3: 45183 | C3: Updated Material List to UnCo - 006 Latest Version | D3: DML | E3: 23-11436
